[
  {
    "name": "<ReferenceError: FirstName is not defined>",
    "description": "Sit in reprehenderit laboris ex pariatur deserunt. Sit proident excepteur ullamco elit ex labore anim. Esse dolore magna tempor proident. Quis elit minim commodo ad qui",
    "ID": 0,
    "Image": "ipfs://QmWfLyQHsF8PMV34Vq89TD9TJTJhtoUijYyi7SRB1yi7i8"
  },
  {
    "name": "<ReferenceError: FirstName is not defined>",
    "description": "Sit in reprehenderit laboris ex pariatur deserunt. Sit proident excepteur ullamco elit ex labore anim. Esse dolore magna tempor proident. Quis elit minim commodo ad qui",
    "ID": 1,
    "Image": "ipfs://QmWfLyQHsF8PMV34Vq89TD9TJTJhtoUijYyi7SRB1yi7i8"
  },
  {
    "name": "<ReferenceError: FirstName is not defined>",
    "description": "Sit in reprehenderit laboris ex pariatur deserunt. Sit proident excepteur ullamco elit ex labore anim. Esse dolore magna tempor proident. Quis elit minim commodo ad qui",
    "ID": 2,
    "Image": "ipfs://QmWfLyQHsF8PMV34Vq89TD9TJTJhtoUijYyi7SRB1yi7i8"
  },
  {
    "name": "<ReferenceError: FirstName is not defined>",
    "description": "Sit in reprehenderit laboris ex pariatur deserunt. Sit proident excepteur ullamco elit ex labore anim. Esse dolore magna tempor proident. Quis elit minim commodo ad qui",
    "ID": 3,
    "Image": "ipfs://QmWfLyQHsF8PMV34Vq89TD9TJTJhtoUijYyi7SRB1yi7i8"
  },
  {
    "name": "<ReferenceError: FirstName is not defined>",
    "description": "Sit in reprehenderit laboris ex pariatur deserunt. Sit proident excepteur ullamco elit ex labore anim. Esse dolore magna tempor proident. Quis elit minim commodo ad qui",
    "ID": 4,
    "Image": "ipfs://QmWfLyQHsF8PMV34Vq89TD9TJTJhtoUijYyi7SRB1yi7i8"
  },
  {
    "name": "<ReferenceError: FirstName is not defined>",
    "description": "Sit in reprehenderit laboris ex pariatur deserunt. Sit proident excepteur ullamco elit ex labore anim. Esse dolore magna tempor proident. Quis elit minim commodo ad qui",
    "ID": 5,
    "Image": "ipfs://QmWfLyQHsF8PMV34Vq89TD9TJTJhtoUijYyi7SRB1yi7i8"
  }
]
